PK     ! b顫ha  ?   [Content_Types].xml ?(?                                                                                                                                                                                                                                                                                                                                                                                                                                                                                                                                 瑪MO?嗭H鼑*W詅銆Z?G樐?議i呸佝=n?勈]当喵塳g4Y?[AD鉣)喤@d?瘝洍鈉鰭邒I9wP?牁尟疐矼 ?踑) %V?礼N韈珗_鉢U-?漤`p'+?逶i堮?j荡?髺$侲?n;疪?1‐9%?湙b?oC萟噉鏾僝??賂EzU-c鹊昣>.>絖荅z(}]?疮?W犂Ail ǖEZ媀风>鉄俀xa愵|I??櫈GH2'?鹇л姙rnT齆?汊 ?祻qp週??狳*霨に?A$?閗秲#O啭喛?葫譅{糴篛七    PK     ! 礥0#?   L   _rels/.rels ?(?                                                                                                                                                                                                                                                                                                                                                                                                                                                                                                                                 寬螻?骑H糃潲阯Hˉ籐H?T??祶?@黯?侸c垩鲧?[揞鎖Tb/N煤(A?b{譲x瓱V燽"gi??aW蒉l_x沚ú媼簲?b4O耢r0Q蔭h褤╡軘?喛P-<樟j{???Mox/鎪b桸孈?;藇錍f┫郇欱薎?鬁?甥"c?赲O??q"K壭H囿<邐s@腚?焗轿<猝勧Md鴄僚T_    PK     ! ?敆?   ?   xl/_rels/workbook.xml.rels ?(?                                                                                                                                                                                                                                                                 瑨螶?骑傦鎛赢""涱E劷j}€怢洸m2銦窘、蹍e紧鴉洒?欗頺?&陜WP%?剞w
逇鐩内[=?&$卣譝?4鏚潸H"粁R鄻悖攄帤?宴N舀9嗽扫虯w(7ey/右?O狈
肄迋h??m?|
鎪D蟝"$??團?Y翉.2#润駴5??忛硵骙]bㄖd?锧憦%抯?梯?鋞B)騕栧呱葥崼?   PK     ! 0脔LF       xl/workbook.xml孮MO1經?氜P?塓#鉇醆烦lC恳v]N梹z?漼3?WＩ劏?閤?[;╈锵7w斈$?赮(?"]U譝宿咠{?6柎M?媢F膽骮i\0"av,? B? ?蝕?e閴a釟F震桕蝷M'? Z$\?妒GZ-sRD匃噢M?1=I旲杢姪脶O!tS邀	/(?"?懶圢攚fG繆邰樺蝜臚A唕J[eルs+Z{糳\?牠挬E|淑椱╙汮:燅ifg胯駴!;E俙 O勛?疩臉挵P?k9X危敌5J?7?<代   PK     ! H惩襗  ?     xl/sharedStrings.xmld逸J?饆羨(箇?奌踋>?@葩Vh淤d⒎?螇?aN攷眜?6i呗犬L.笏缮煋韫S籽N怬l 揓峒W皅? 鹻跕#月笋02?" g閯PM溑? %J?抾	?Iye勁螒缁K?I貵V仈抽?t--颱0鱢慕lW蓄J矝涝塵暝鋴zj牮OV?6Z适^赂s]絶墒g!o_?W凵臥逊?岁X嚾?閡[著i?锊瞦#簃):?7?摦2?`?姑O豅TeA=yP:皅峸旳騛KD桘
1d崡?x擴则QCQ懛9摃MkqUy?E絹R;??臤4   PK     ! 抣?  ?     xl/theme/theme1.xml靁遫5G?邦}k?]S-潥4Ya隫5傩潒s缗w>貼患M坫$$腀{AB拣€€I?銦hi_踳梥s№V亐EU摮?镡?C鸇H抒=_?墋>恤n艋缰<$巼橊??戅鬟粓譛H"俙},譹?旿謼枻肵炵	塧n腅?<奰i(?袓匾rゲ?a{(?惤>Q煚?颢G寇} 轋疲脌Q饳鑙腨h懊qU#銽稒@麡5=`7?}rGy坅ー㈤U糖[诟竸子EL-X[X?焧]篳8^6<E0葯V坏茀瓬?05忞t:鞱5 伧AS+K慺Vme4 鹲瀡籖\|侢蕼虓V玌oげX?d宙餶曊阪矁7 嫰厢kv{樟惻峄?o@!ｑx?陧υs葓稠R?雷*)|唫h龋K?馲-姷哝? dX?﹊BF貒`n鉮 (??羺;渌??I_蠨5??ｗ矾?A療=>槛麴?圇?摞抟rn?(.|貂'|q渌W?+撬"?<r d蠰??殂?~?纼"糘#"?r€鰔?酶挀?輮~埄?嘆粍tG?疒?\嫺苹)爔?/On;馋B1Q磩髸0r€;湷?涪y,軣腁9s1)怫0?爿票阙?仾?鹶H1w?HL襰|LH塿?u旌C}?)t嫝Ε&橛?H矱?縇藅W;顿箟Z湑i紼鯹$$f%瞒	s蘹O幨H鰍膴繆UX&do*??x: 專螑HY舵? }N總暫}嘙#)椦紛9/"辐??)闽h???F籠暳w笡!?鼆銋罹I夈钽?8"?D螸D?/钅oo蔉槝*%荸??猯3
u踨xW稕?lbe沙}/慢K?災?瞓~媧W∵Uh?_?弪僮錣)??踜浳;Z豿?c=5e洫4椒?h貐A轿?I~KB38窣`?	??靺8伨疥i"丩I%\聐?椧謝椠?m瞩9腣壵卺=?7r2F渋3F+毨I櫗\H墏no卢獏:1藩?E嘯6?梼蓅誤0?t6?膀*滯5k8颼F嗂钪G橻?我E2腃掹H?铮猶R+s奾=l0璩?V+pkh瞣另$N*搏-`梱飉紨E鹛K@韍:哺槣,FM疩_畕惹I?罳~F	x]阥? 疂|%l?浱&薵辧d姽IP呟k?厺:?┒?mh槱4X?Y鶙隸殖R牑滾姇5?L
埃隯2_漖讯硰i)?ED/?泩=钭??﹦S?\蟟k??W?38;嶻獯荜?俾MA蔱0O馌稲賺r扭?㏑??z??垥■€椖#?M?r˙IH€屏??糕卛*釜6邆祀o泂枂Ik8I? Aa?R?d蕭壘c圲咏藪d)!Qqeb?恾满?捷C!労?i0福耒>?4t揝?鍆伩惑鄙J箄?4欭s篥`东邗fy恩??珫e0+l?磉P凷n刀b蚷糪蟿/蝛儁C斃E?`Ｂg膭鞭P鹼j+傳??D?踴 ] 磬 ';h僆摬['m祃?鉔7鐊呢Z矒斊螞3棟搵gi煸聨谺S僩彟(嵅儗q寉aV|櫯妨裑疒`聰4??篻? 掃r4K7?   PK     ! 5盘       xl/styles.xml蘚[徾D~G?X杧?睗媁I?粬*T〦庹I湰?戫擼見R?	UP*QZ曭@W\↗踎觿?翙馿f6N2K湹夎茙鐩镘鏈櫛菁紀[耺皿M譱墪KeQ0溇;0漄KΧ??袧乶箮?_架~鳚?X茘=?€p鼥?沩R娠?额_r菃?]现8鬎%?G峫?曀祾瓫?"l踼[鱪M芠}?雭?-38繶鞣瘞子{P莜(z?破s鸲禀\?? 噁邩g〇? 禌C?|★N? t?6阞麞銅鈎?8]謓鸁
穟蜹腞毁w-?P0胓??η_縸}]5詍?螶纲烆鶢?IV?īm偢鑔	q孚u?o`h蒭t&甚廠$g函n阐T?輈Y籫(铉輓虞'vШ鯢綎╥陼r9;悃娍?礫
y鯻)楷蒢}域3??垉琺?+8hW?y卺B鷂(唄 馗鶰:突a]C煖?啖nL酶择≈1-+┢d^p劜00<G?!鷡骮e?,bU
痆q跞?*??e婹?Q觌講殿.顥b扑béu? 蓓ㄝ鞕vU??艞4鴇挑J}2锗縩f:崋<菳??榟NS綯WU礠?U?妭曑?趖凭1h壍淘4蠣
T埂? RV斧e 亃第╒TI?q?儸uZ蠖*?'玆r?.?屨Z頥?鋎U夾NV璯?Ⅰ癁籙)9Y昩悡U駔U啽
k?鏤夾NV?鋎仗娤(Va?g玆r?臽m?嚏z?€崍d}?s\籭? fn?贑w鲕 €e鹶s`?籽-鳽奫?棿剭孛h壛炠??k礱?v暴?RP窄詴r]㎎祊b換锥10'黾tI擤?5"莓溡t蛗蒍K	Y!2gljli??盞p度BF波?#諅OF?T^!t覀+咒罎罏赮kZ瞥鸎: E<與V稒诅?)]賳WП騚|檵崕?笂L憈E媦9W4H憆E^Y縄?欌ａ9吷}3??鯋9鷨e軥c鵊?}朗E还?湁罸X磤璵碔呭凌k?聝vS诽慶l?^`鲅n[k?V?襛}<?>権=糜饚8鎯息匤r粤Y?_夐怱?70?薇GIr乞?憻駀*偖箄篩啺茞ju衜?BDp3糥縿~琒04犓_,G槸?猎配朝?R19耚"?8?薰贅疇d遴媱0虖屖─r赵ⅳj[?岻z6&曞 h?醏	?揨斬?(S??Q#,Q#?幵.V辎\\`?X案L??T?V勨r璿.磼夼'	?J?wグ誛協Y佞嬾事`4I?+T|遇fJ猜??峱RGV楲^(UR$嫑u(瘮姏vh柵?泥Rq?E哺Y嚩wq?筒竬?xq?E碯鞋C刍竔噁Y芗C.7鞵$嫑u({斯綍nlQ{Z栳麦oi	s靘a?但祁??_K斒?[卖账撨锾~8?p嵘W
`虬g簸dobZp?"??襻鰝Nx2z ??K(S缾曛??0孷k?XFq@€a搑=`H?0J?0お?C??^曈x蔎?a?妹x!0?T馪罓櫟€塛牑E僨?&^伷珸弅疈n?p?
J:甘i稼j痐嵢<?痐D?悈滥+? A歒??鑲冶??L紓?窝m?圵捌玶o鲨梏駨駙胋T8??9噸?У#斈iX?GD(墖般Zq9J??蕛28V,ku塖橀?'暇?匕窍濵塾Н惬A霐K糉hv鳲寔擭僷神??H@X?<蕸=9滮魌饔粀f廭%h琜??礓贀樱{趁gP%?牨Z?e?Pg<ゆ!vz挽?1?? ?mi%萬P壸夌嬎$D馬蒁??e	-ｊ彽執)?撪艙4翿岽L??Ｂ?堵)?n蓺G?祥?o_<廇X塻?ysz?评;xD]?桻容?洍Q股憔晨~??PF?凩踐??w!?2@铮流'&3)?C}b7?[">緆?宏簓?0DK$忒≯?妨崟苸p蛧[?裉桒賜М铎j襐＼il)睶軷珴澀盱靐jY*w?9阉{夺E6k?磕Ζe鄯?:^$lD?9?﹥?精h猛”%?y筆?    PK     ! [" w?  g     xl/worksheets/sheet1.xml敇Ks?F鱏5乥嶅?楉[?嫨殮诪`佴?捾i$舻&┌硈P觹魀G孙?嬡{憉摡r鍕稍鱠櫔CV濾砭蛚痠擈愪獢+M6醑?_U湧l=奝6+芏?汈,嫟櫒J朌帾.挅局﹋?魻"f娱mP$Y闆孃+1择槬rＲ鏐柇	R?i)鏈U蛖?齁?灚o?*
駱錣凓^?Nオ撉滉?畵?二鈩/泊V??
楧輾飪麁"瓧噷*璐{?b嫻瑮Z?檤m^??s櫠駺箐{?G?鐿S
勹簮I趂/2抷掘栝醷?鵚?钷:綖哕輟b駊?魕責遱陂y?驑<珥?栙檐R臬?欔?o伽4S斷D荇錷?Y/k蹶熏w門I穯膫栛廫/宇??kㄚ楑t糚r閰??浲恗lv卨k砶d;涊 圹?Yl郴?ぃw2鉪皧C
褯汍o?#涊#圬L0臶€鞃;€L? ??琅?W?{yH!z侻cdC.胒偼? ?愬?萫?唜 銁寣k-兣)那2l萫靥Y 囦鮶?? 瞕cS?d?篚撱F薫?R坁?6?l?€C钇@? wa*鈦嬠1.n?稙C
鸦煨妉萫靥Y 囦?€\@.脭0?wcd躨怋?皺Np]? ??? ?? ?摩?辱Z?疚?VSH!z矽	悕? ?l8cpgC羗 ?L馗c鉤踐/)那6 r Y羀€C鰂m d	?驆bj饬?责}q杏]吲|嘳悘?錐惒i訷!@?倲[!?$j?m?駬/vＧ?8η"H倭?*刎?+|T癌寜~毟Z.]??瞫7陑鼻?/@貽?#;^毂傃樒~鎱^.??:^l师m僀t鎕?凰纽顁1?/腯D澼-梀彥呡:蝗單O1遨s?\ 2洬=寀W??-凿嵭r辁卮咊叽u??╯?u]浐^l*/@賂茢骻粓^. ??2kR??熒[薔?R禢鱄裒崏~鎱Z?^.?[捬(Ko休Fv`鱰??#3齃鮻#碶欱6?莨蹐蚙斜b弔?劇?偙斓{?.au?总讬嫷闘椀m栆Q暛倔朕鳹裊f?U^畖??9蛇掹敃崡?5r?MZmn篝鏥U垂U郦恺蹤.t%]薓'?qT獇襗 鯳碾    PK     ! uI'5?  _   docProps/core.xml ?(?                                                                                                                                                                                                                                                                 湌薔?E鱄麮鋧b'PE?陫JH背靑k??i'iC+X睖棺g顚\蛌狪纠yit嶒尃47B闙峖栿t???j?廸趄⑩朵屏?\愢揌揖涠F?l壉鏪P蘥选８6N?K妨栺?\r?&X`?$?R?i?]?切€<纬x8?|?'N%棉茲qO賯忤辻9鄱挖I#嫦耠怦筥5暫?D+罧顎汨璓RK\WU鳧楫?襦k	鈔O?i}?	"塹?黁YM?杝DR?'i1]挍扡Jr踔?{吲??€龉峡?   PK     ! `}橲?     docProps/app.xml ?(?                                                                                                                                                                                                                                                                 湌ON?器H?驗:凱?!圝-鞃3i-;矅衦柗y$n缞踿??阫鷃舗f抉鐭??j褁棻?e	8韘鉬粰烇?共轆茤賾苻汔+h &d醔奇堈報ㄧP? 賾R鳳*?谈/
ａ噪?蜉4=喟@p9??C?巎i顄?o妧??k碆zゼ2:L?}Q?鬋0笖┼齌L床pB撇P6傕雮? ?m琇圧?狝?I4O4禲栜?N苆宺HXM[棿杯"珞飲啶w?旆鯿?噈泹岮茿?嵩爡x]孶?€噠鄸∶韕B(乂?c鹙喉?K泐鉓5酾tt5就蘒€?疽?qA??9?7億阵]h>踙9?)齝?鴝w?    PK-      ! b顫ha  ?                   [Content_Types].xmlPK-      ! 礥0#?   L               ?  _rels/.relsPK-      ! ?敆?   ?               ?  xl/_rels/workbook.xml.relsPK-      ! 0脔LF                 ?  xl/workbook.xmlPK-      ! H惩襗  ?               g
  xl/sharedStrings.xmlPK-      ! 抣?  ?               ?  xl/theme/theme1.xmlPK-      ! 5盘                 ?  xl/styles.xmlPK-      ! [" w?  g               ?  xl/worksheets/sheet1.xmlPK-      ! uI'5?  _               ?  docProps/core.xmlPK-      ! `}橲?                 W#  docProps/app.xmlPK    
 
 €  &    